sku,asin,brand,product-name,status
PF-WHEY-CHOC,B0PF4W2CHC,Peak Fuel,Peak Fuel Whey Protein Chocolate 2lb,Active
PF-WHEY-VAN,B0PF4W2VAN,Peak Fuel,Peak Fuel Whey Protein Vanilla 2lb,Active
PF-PREWKT-BERRY,B0PFPREBRY,Peak Fuel,Peak Fuel Pre-Workout Mixed Berry 30srv,Active
PF-CREATINE-300,B0PFCRE300,Peak Fuel,Peak Fuel Creatine Monohydrate 300g,Active
PF-BCAA-LEMON,B0PFBCALEM,Peak Fuel,Peak Fuel BCAA Lemon Lime 40srv,Active
PF-SHAKER-28,B0PFSHK28Z,Peak Fuel,Peak Fuel Shaker Bottle 28oz,Active
PF-VEGAN-CHOC,B0PFVGNCHC,Peak Fuel,Peak Fuel Vegan Protein Chocolate 2lb,Active
PF-ELECTRO-CIT,B0PFELECIT,Peak Fuel,Peak Fuel Electrolyte Powder Citrus 60srv,Active
GT-SERUM-VITC,B0GTSRMVTC,GlowTheory,GlowTheory Vitamin C Serum 30ml,Active
GT-SERUM-HA,B0GTSRMHYA,GlowTheory,GlowTheory Hyaluronic Acid Serum 30ml,Active
GT-MOIST-50ML,B0GTMST50M,GlowTheory,GlowTheory Daily Moisturizer 50ml,Active
GT-CLEANSE-150,B0GTCLN150,GlowTheory,GlowTheory Gentle Foaming Cleanser 150ml,Active
GT-MASK-CLAY,B0GTMSKCLY,GlowTheory,GlowTheory Detox Clay Mask 100g,Active
GT-EYE-CREAM,B0GTEYECRM,GlowTheory,GlowTheory Restorative Eye Cream 15ml,Active
GT-SPF30-TINT,B0GTSPF30T,GlowTheory,GlowTheory Tinted SPF 30 Sunscreen 50ml,Active
GT-ROLLER-JADE,B0GTRLRJDE,GlowTheory,GlowTheory Jade Facial Roller,Active
PH-CHEW-BULLY-6,B0PHBLY6PK,PawHaus,PawHaus Bully Stick Chews 6in 8pk,Active
PH-TREAT-SALMON,B0PHTRTSLM,PawHaus,PawHaus Salmon Training Treats 16oz,Active
PH-SHAMPOO-OAT,B0PHSHMOAT,PawHaus,PawHaus Oatmeal Dog Shampoo 16oz,Active
PH-TOY-ROPE-L,B0PHROPELG,PawHaus,PawHaus Braided Rope Toy Large,Active
PH-BED-MED-GRY,B0PHBEDMGR,PawHaus,PawHaus Orthopedic Dog Bed Medium Grey,Active
PH-BRUSH-DBL,B0GTRLRJDE,PawHaus,PawHaus Double-Sided Grooming Brush,Active
PH-DENTAL-30CT,B0PHDNT30C,PawHaus,PawHaus Dental Chews 30ct,Active
GT-LIP-BALM,B0GTLIPBLM,GlowTheory,GlowTheory Repair Lip Balm SPF 15,Active