month,brand,net_sales,landed_cogs,contribution_margin,contribution_margin_pct
2026-04,GlowTheory,12090.019999999999,2449.688,5870.192,0.485540305144243
2026-04,PawHaus,9570.869999999999,3535.78167003367,2462.5683299663297,0.25729827382111864
2026-04,Peak Fuel,15476.16,4559.900000000001,6211.55,0.40136248268304286
2026-05,GlowTheory,15251.47,3121.024,7309.575999999999,0.47927026050603644
2026-05,PawHaus,11502.94,4236.314619528619,2909.3053804713804,0.2529184174194928
2026-05,Peak Fuel,19526.73,5792.34,7704.1,0.3945412263087573
2026-06,GlowTheory,15531.019999999999,3207.509,7368.451,0.47443445440157833
2026-06,PawHaus,12738.91,4643.446430976431,3295.483569023569,0.25869431285907263
2026-06,Peak Fuel,20653.81,6160.858,8111.402,0.392731510554227
